{
    "emds": 
    [
{ "_id" : { "$oid" : "5dd6e505eee35a6a2489a453" }, "dataExame" : "21/11/2019", "nome" : "António Augusto Silva Rodrigues", "genero" : "Masculino", "dataNasc" : "25/09/1998", "localidade" : "Braga", "federado" : true, "modalidade" : "Futebol", "clube" : "Arsenal Crespos", "resultadoEMD" : "Apto", "exameComplementar" : "-----", "__v" : 0, "pagamento" : "Sim", "contacto" : "" },
{ "_id" : { "$oid" : "5dd6fbd4eee35a6a2489a454" }, "dataExame" : "21/11/2019", "nome" : "Diogo Rodrigues Miranda", "genero" : "Masculino", "dataNasc" : "13/11/2014", "localidade" : "Braga", "federado" : true, "modalidade" : "Futebol", "clube" : "Colégio João Paulo II", "resultadoEMD" : "Apto", "exameComplementar" : "", "__v" : 0, "pagamento" : "Sim", "contacto" : "" },
{ "_id" : { "$oid" : "5ddd7e598a396e15143a2b96" }, "dataExame" : "26/11/2019", "nome" : "José Pedro da Silva Dias", "genero" : "Masculino", "dataNasc" : "07/08/2002", "localidade" : "Braga", "federado" : true, "modalidade" : "Ténis", "clube" : "B-Ténis", "resultadoEMD" : "Apto", "exameComplementar" : "", "__v" : 0, "pagamento" : "Sim", "contacto" : "" },
{ "_id" : { "$oid" : "5ddd7f1a8a396e15143a2b97" }, "dataExame" : "26/11/2019", "nome" : "Sylvia Manuela de Moura Pereira", "genero" : "Feminino", "dataNasc" : "21/11/1988", "localidade" : "São Vitor", "federado" : true, "modalidade" : "Andebol", "clube" : "Juvemar/Manabola", "resultadoEMD" : "Apto", "exameComplementar" : "", "__v" : 0, "pagamento" : "Sim", "contacto" : "" },
{ "_id" : { "$oid" : "5de6b5fb8a396e15143a2b98" }, "dataExame" : "03/12/2019", "nome" : "Francisca Alexandra Pina Cabral De Pinho Beato", "genero" : "Feminino", "dataNasc" : "28/12/2004", "localidade" : "Braga São Vitor ", "federado" : true, "modalidade" : "Equitação", "clube" : "Trote", "resultadoEMD" : "apto", "exameComplementar" : "", "__v" : 0, "pagamento" : "Sim", "contacto" : "" },
{ "_id" : { "$oid" : "5defe2008a396e15143a2b99" }, "dataExame" : "10/12/2019", "nome" : "Maria Lua Pereira", "dataNasc" : "30/04/2011", "localidade" : "Braga São Vitor ", "federado" : true, "modalidade" : "Dança desportiva", "clube" : "bracarateam", "resultadoEMD" : "Apto", "exameComplementar" : "", "genero" : "Feminino", "__v" : 0, "pagamento" : "Sim", "contacto" : "918655506-pedroecarlapereira@hotmil.com" },
{ "_id" : { "$oid" : "5df121458a396e15143a2b9a" }, "dataExame" : "10/12/2019", "nome" : "Catarina Isabel Peixoto de Magalhães Fernandes Gouveia", "genero" : "Feminino", "dataNasc" : "18/01/2002", "localidade" : "Braga", "federado" : true, "modalidade" : "Badminton", "clube" : "Sc Braga", "resultadoEMD" : "Apto", "exameComplementar" : "", "__v" : 0, "pagamento" : "Sim", "contacto" : "962522867 -luisamagal@gmail.com" },
{ "_id" : { "$oid" : "5df2884e4f2cf458628b69f0" }, "dataExame" : "12/12/2019", "nome" : "Carolina Gomes Alves", "genero" : "Feminino", "dataNasc" : "24/12/2005", "localidade" : "Braga São Vitor ", "contacto" : "968496456-emiliagomes.pt@gmail.com", "federado" : true, "modalidade" : "basquetebol ", "clube" : "SCBraga", "resultadoEMD" : "Apto", "exameComplementar" : "", "pagamento" : "Sim", "__v" : 0 },
{ "_id" : { "$oid" : "5df289ea4f2cf458628b69f1" }, "dataExame" : "12/12/2019", "nome" : "Vasco Pinto Leite Da Câmera Lima", "genero" : "Masculino", "dataNasc" : "23/12/2005", "localidade" : "Braga Maximinos", "contacto" : "961938365-amelia.leite@fiorina.com", "federado" : true, "modalidade" : "Rugby", "clube" : "Braga Rugby", "resultadoEMD" : "Apto", "exameComplementar" : "", "pagamento" : "Sim", "__v" : 0 },
{ "_id" : { "$oid" : "5df292bc4f2cf458628b69f2" }, "dataExame" : "12/12/2019", "nome" : "Vicente Mendes Gonçalves", "genero" : "Masculino", "dataNasc" : "26/02/2009", "localidade" : "Braga São Vicente", "contacto" : "962325378 -smendes@math.uminho.pt", "federado" : true, "modalidade" : "futsal", "clube" : "SCBraga", "resultadoEMD" : "Apto", "exameComplementar" : "", "pagamento" : "Sim", "__v" : 0 },
{ "_id" : { "$oid" : "5df295c14f2cf458628b69f3" }, "dataExame" : "12/12/2019", "nome" : "Martim Pinto Matos", "genero" : "Masculino", "dataNasc" : "", "localidade" : "Braga Nougueiro ", "contacto" : "914133232 - mmachadopinto@gmail.com", "federado" : true, "modalidade" : "Karate", "clube" : "Leonardo Da Vinci ", "resultadoEMD" : "Apto", "exameComplementar" : "", "pagamento" : "Sim", "__v" : 0 }
]}
